{"cameraMode":{"drawMode":0,"name":"Shaded","section":"Shading Mode"},"sceneLighting":false,"audioPlay":false,"sceneViewState":{"m_AlwaysRefresh":false,"showFog":true,"showSkybox":false,"showFlares":true,"showImageEffects":true,"showParticleSystems":true,"showVisualEffectGraphs":true,"m_FxEnabled":true},"in2DMode":false,"pivot":{"x":1.4953696727752686,"y":0.6200000047683716,"z":3.975536346435547},"rotation":{"x":0.27059870958328249,"y":-0.17862707376480103,"z":0.05117184668779373,"w":0.9445905685424805},"size":0.4330126941204071,"orthographic":false}